havg,hv,savg,sv,vavg,vv,magavg,magv,angavg,angv
0.1963193143637663,0.9912453336694207,0.2597282633782679,5.646403146111469,0.5122916839001224,3.526670869396488,7.1295274628533255e-06,0.00041324250962999134,0.0019443122344091535,0.08110479481518268
0.2013569371680964,1.1970885463636016,0.2532113071895426,5.744669524107048,0.5066420553768384,3.4615987409651945,4.1946073373158775e-06,0.00040752084520128036,0.0013526035123504697,0.08306452013552189
0.2004042809180965,1.1854059639156,0.25558207695057195,5.888862271995077,0.4998403920292075,3.34439920073475,4.027411672804091e-06,0.0004286938985188802,0.0011989028664538637,0.0824955566227436
0.2022891284977532,1.2234045840220718,0.25490140637765524,5.853431624013982,0.4987457336345996,3.330508767085553,5.08249368932512e-06,0.00042115665011935766,0.001396214656997472,0.08183057457208634
0.20328727175245098,1.2386048348655032,0.2539381475949754,5.772700835175192,0.5065942071333741,3.474076652788649,5.9534470240275065e-06,0.00041858287387424047,0.0012039276206633077,0.08414059937000275
0.20193626365910947,1.212350698831003,0.25200998097937083,5.672376534538212,0.515904048074959,3.611578301194899,5.854764911863539e-06,0.00042796045939127607,0.0018091073853429406,0.08242222197353839
0.20278422385620906,1.2267306137841032,0.2527139476102941,5.690915311904869,0.515239444699755,3.6047028284489273,5.184775590896606e-06,0.0004580948723687066,0.001850273854797706,0.08477504022419452
0.2008897080524918,1.182279959663677,0.253968463796977,5.7603237463782,0.512227298049428,3.5443231171706615,6.918481323454115e-06,0.00045297364128960504,0.0018553819961380214,0.0823251824080944
0.201960134548611,1.210845698483846,0.2533464690563725,5.729525110717664,0.5137820140165441,3.5708474484786263,5.881046586566501e-06,0.0004170941670735677,0.001584931806428358,0.08251385919749737
0.18857999693627453,1.1373430036637469,0.23227362515318625,2.7645033922987334,0.5448102870966094,4.949524229793531,1.4194610383775499e-05,0.00040757827758789063,0.0029267866327427326,0.10397575125098228
0.18582786828533496,1.2081244553079553,0.23535772875816988,3.0896323698693267,0.5269342288347632,4.8068518900449115,1.5520744853549533e-05,0.00041710425482855903,0.003808215643512085,0.10310227684676647
0.18583312040441183,1.2064979793769595,0.23383518637663392,2.988307338061322,0.5272178109681374,4.816050146123915,1.2216088506910535e-05,0.0004457238091362847,0.0027729984046891334,0.10303182043135166
0.17750130897671568,1.1473962412075085,0.20055819035947703,1.7268554220061865,0.5774696065665846,3.431484548043281,7.572637663947212e-06,0.0004901816050211588,0.0024091402417980136,0.12079402036964894
0.1779757438470181,1.1744575923392246,0.1972637812755311,1.6902029276027155,0.5807462058312907,3.4890640305063934,7.038495937983195e-06,0.0004448653327094184,0.0022977085784077643,0.12003095723688602
0.16869894799325985,1.8661749801728378,0.21976307725694444,4.613837949427585,0.5344509202665442,8.371822616633803,2.2946439849005807e-05,0.00046416808234320744,0.005142773296684027,0.10271507114171982
0.1766280804483252,1.9952100016209429,0.20533332950367642,4.164043418440528,0.5355937143841911,8.405310334432246,2.1908050113254124e-05,0.0004380318535698785,0.0035422089672647416,0.11488253891468048
0.2064897019250409,0.6057654121537706,0.1969388463796976,5.786281084319018,0.48163849545547394,8.17585729411505,8.406529823939005e-06,0.0004503518846299913,0.0021534183248877524,0.07798323042690754
0.21215490400326795,0.6573753119982,0.19812845511642152,6.0802970372741525,0.47555627029718156,8.108589582463235,8.060170544518365e-06,0.0003867339664035373,0.0018972342740744353,0.06116956539452076
0.20992848983864382,0.6444001463768737,0.2028085383476307,6.386273416241706,0.4764162418300656,8.161654059961423,6.7406263616349966e-06,0.0003044037712944878,0.001928770545637235,0.06966389197856188
0.20562661675347227,1.6908482633561828,0.24094953239889705,3.055644328885757,0.5406297012867648,5.200926103867418,1.2013108200497097e-05,0.0004034957461886936,0.002168343273224309,0.1061778337135911
0.2370045001021242,1.4245497741592215,0.2545625517003676,6.163355686847793,0.5693713309334151,6.564661018752544,9.776243898603651e-06,0.00043094584147135415,0.0034172153600957244,0.10007203239947557
0.2722070766952615,2.039825195541855,0.3294438523794933,7.568634769122701,0.5091806802747141,8.397610646519132,1.7343358198801678e-05,0.00042261585659450956,0.005563474104274064,0.09911726027727127
0.22689506204044127,1.270639806396691,0.27607450239991826,12.720866722175913,0.46324689440359457,6.46357754962741,1.258527437845866e-05,0.0004128484090169271,0.003254536496824585,0.0883082927018404
0.24712764195261447,2.06833521690055,0.3058508190359476,9.792514379555188,0.4778359912428511,7.153643184622419,2.102354500028822e-05,0.0004335152096218533,0.0032842174160759895,0.09523869387805461
0.2619386541309232,2.0354225489971074,0.2650520032935049,3.9979245491743716,0.5347392801521652,6.892244788903565,3.1536698341369626e-05,0.0004267267862955729,0.004420558218844235,0.09932131014764309
0.2466691955167484,1.7223121926238847,0.27722503944546556,3.8162797290542083,0.5078498050704656,6.814211871224982,1.909197039074368e-05,0.00044098362392849393,0.0027317610511090606,0.10003803133964538
0.24631779513888893,1.6487560080991428,0.2477605140676061,6.667346008998186,0.5188642576848448,5.655709143618858,1.4836071597205268e-05,0.00041233622233072915,0.003913825907511636,0.09180998910218477
0.21985611034517968,1.0131732716166133,0.22986081750408494,6.810993259398334,0.5580094053819444,6.7141393424076625,2.4211530884106952e-06,0.0005233400556776259,0.0007541211176430807,0.08539434924721717
0.22730335746017158,0.9974965291327689,0.26382492698120913,9.347490470118123,0.45081567070057205,5.311047975755996,3.900381922721863e-06,0.00040376883612738715,0.0007363826851360499,0.09084486402571201
0.26233992889603763,1.409016071470285,0.25439191316891346,5.921754675345765,0.5315687350643383,7.032599569333848,7.45564235581292e-06,0.00039370002746582034,0.0026517098100157454,0.0940185920149088
0.23790833754595592,1.3403326836289033,0.2807169708690769,5.101065634771304,0.5115741539011438,6.8469862155472505,2.1880091892348397e-06,0.0004176943037245009,0.0009342579904478044,0.10010362491011619
0.229214144582312,1.4878317082466057,0.27714085746017164,8.194498145102733,0.5033388225081701,6.400159941383446,2.141018973456489e-05,0.00041488655938042533,0.004872257690876723,0.09471448123455048
0.24457406671262266,1.7147341862746446,0.2485566291360295,4.806680143347251,0.5314594327001633,6.737024082190727,1.3374474313524034e-05,0.0004176547580295139,0.00325798851554282,0.09906590230762959
0.24088292521956703,2.2201519663060743,0.24772759165645433,2.9969926450660664,0.5441511700878269,5.708308810267988,1.4406968487633598e-05,0.0003986353980170356,0.0033768990903627126,0.10352560624480248
0.2625612530637255,1.7753626089732368,0.21510247995812914,1.5591788119776613,0.381495112208946,6.171485200757283,2.4039294984605577e-06,0.00034701771206325957,0.0013822883903048932,0.05249424146488309
0.2664328450520835,1.9220950670949124,0.18896186810661775,1.221218257280965,0.3731143572559233,6.142062750686759,2.3345074719852873e-06,0.00026245360904269746,0.001096392347244546,0.05674007993191481
0.2675019784007353,1.912088954967575,0.19111422104779408,1.2668120780008048,0.36237677862030226,6.050054738999555,2.3721385333273147e-06,0.0005017181396484375,0.0017228563118260353,0.05473507266491651
0.27009748519199356,2.9421785082727054,0.18028728656045748,1.2712503217839228,0.468301818576389,6.960070788100997,2.2100289662679037e-06,0.0004129132588704427,0.0010229722323128953,0.08722277503460646
0.2627220551215278,2.8633300072284746,0.1715262104268792,0.962347419398852,0.47165103196486935,6.542330955735675,1.966335872809092e-06,0.0004621958414713542,0.0009366067737573758,0.07451780579984188
0.24659618323631535,2.1003563830906016,0.1729885439644608,0.9615389050178941,0.519868956418505,5.68436481255696,3.613746166229248e-06,0.0003857447306315104,0.0010223025624873116,0.08462094187736512
0.2652414359936684,2.3710059290982537,0.20062804878982843,1.253738982450571,0.5269238126787171,5.11992920973103,6.795839468638102e-06,0.00041209085252549914,0.001813956197584048,0.07667589336633682
0.22016597503063723,1.6175217931703518,0.1887326967167076,1.3233518555698272,0.5213210659211603,5.003492099477156,2.3937983645333185e-06,0.0003967913733588325,0.0007002764899516478,0.09419892720878124
0.26271866625817,2.7769469563390112,0.17109868923611116,0.9231309544741888,0.4744320257608251,6.792840235936939,2.133356034755707e-06,0.0004627112494574653,0.000714000528678298,0.08139385145157575
0.17983023794934647,1.5261231888904667,0.23020077959048205,1.8680785485073486,0.5349526252297794,2.6403724478773243,3.317853808403015e-06,0.00041029624938964846,0.0007608255118248053,0.09079629309475422
0.23566133578431384,1.8887626616273294,0.1924096463950163,1.2223929993788332,0.5694973219209557,4.203340476387069,5.318406555387709e-06,0.0004065248277452257,0.0009593063272768632,0.09302336648106575
0.20365378114787583,1.7696491347740886,0.2015886827256945,1.6062132943136571,0.5170723351970995,3.6958726309262526,7.278380129072401e-06,0.0004348372989230686,0.0017152611384517514,0.09368964679539203
0.19925749068116838,1.4574498726548695,0.18354554202410128,1.0270311478163838,0.5455309426062092,3.9910039763763403,4.2449394861857095e-06,0.0003952100118001302,0.000702659988310188,0.09229052454233169
0.1728541798151552,1.1375034599811815,0.2160641223703023,2.0068481496925545,0.5427469704861111,3.7508846810798677,6.528639793395996e-06,0.0003990241156684028,0.0018013520515523852,0.0962412155419588
0.16970109068627462,1.195438816061583,0.2250735442197712,2.063418322006871,0.5620437630208334,3.590640227606387,3.90710002846188e-06,0.0004048484802246094,0.0018345098913414403,0.09534399457275868
